,fold,conc_score,brier_score,ncancers
0,0,0.9920148396784736,0.01874839184425014,1000
0,1,0.9959237995956692,0.01830583393488686,1000
0,2,0.9930040934900304,0.018314913048903998,1000
0,3,0.9878895343485686,0.018477000908877512,1000
