,cancer_type,concordance,integrated_brier,ncancers_test,fold
0,Cancer_C1,0.9919450468447872,0.019434067796463648,487,0
0,Cancer_C0,0.9934303773223521,0.018101168666258247,513,0
0,Cancer_C1,0.9959515792849126,0.018262361984483198,499,1
0,Cancer_C0,0.995881105339194,0.018301771683518153,501,1
0,Cancer_C1,0.9942414223467846,0.01860761469389517,494,2
0,Cancer_C0,0.9924214568778854,0.018175356141791377,506,2
0,Cancer_C1,0.9897175644574544,0.019519632025294144,494,3
0,Cancer_C0,0.9906305932144729,0.01755392127296862,506,3
