,cancer_type,concordance,integrated_brier,ncancers_test,fold
0,Cancer_C1,0.992618073434679,0.018453442979200797,487,0
0,Cancer_C0,0.9923386324458916,0.01837395511679968,513,0
0,Cancer_C1,0.9919232002565336,0.018156325440166734,499,1
0,Cancer_C0,0.9942827283066424,0.018213740456199844,501,1
0,Cancer_C1,0.9915701429791334,0.018058605792649108,494,2
0,Cancer_C0,0.9928606446868489,0.018089425379671658,506,2
